{"cameraMode":{"drawMode":0,"name":"Shaded","section":"Shading Mode"},"sceneLighting":true,"audioPlay":false,"sceneViewState":{"m_AlwaysRefresh":false,"showFog":true,"showSkybox":true,"showFlares":true,"showImageEffects":true,"showParticleSystems":true,"showVisualEffectGraphs":true,"m_FxEnabled":true},"in2DMode":false,"pivot":{"x":2.5706233978271486,"y":-0.6554865837097168,"z":3.3052234649658205},"rotation":{"x":0.09921811521053314,"y":0.8633449077606201,"z":-0.18700450658798219,"w":0.45806288719177248},"size":1784.579345703125,"orthographic":false}